epoch,step,train_loss,val_loss
0,1249,,245.59864807128906
0,1249,246.48959350585938,
1,2499,,245.60252380371094
1,2499,246.50148010253906,
2,3749,,245.5767822265625
2,3749,246.5196990966797,
3,4999,,245.611328125
3,4999,246.48797607421875,
4,6249,,245.5906219482422
4,6249,246.49844360351562,
5,7499,,245.5800323486328
5,7499,246.48641967773438,
6,8749,,245.59100341796875
6,8749,246.49691772460938,
