epoch,step,train_loss,val_loss
0,1249,,245.85980224609375
0,1249,246.5448455810547,
1,2499,,245.8688507080078
1,2499,246.53390502929688,
2,3749,,245.86842346191406
2,3749,246.54835510253906,
